split,step,shape,n_timesteps,n_channels,n_features,n_finite,n_nan,nan_frac,min,max,mean,std,median,q01,q05,q95,q99
train,load,"(32125, 2700, 1)",32125,2700,1,86713260,24240,0.00027946389969736276,0.0,2139.12744140625,109.1604232788086,48.073646545410156,102.51411437988281,7.2955193519592285,45.46041488647461,195.0511932373047,258.9647521972656
train,split,"(19274, 2700, 1)",19274,2700,1,52031738,8062,0.000154919888239386,0.0,1361.161376953125,108.95374298095703,48.14216232299805,102.35604858398438,5.7449445724487305,45.06257629394531,194.90443420410156,258.8224792480469
train,post_split:snr_threshold_nan,"(19274, 2700, 1)",19274,2700,1,51085764,954036,0.018332814499671404,20.00002098083496,1361.161376953125,110.85234069824219,46.49144744873047,103.27603149414062,32.39096450805664,50.78751754760742,195.60281372070312,259.5963439941406
train,post_split:drop_nan_timesteps,"(10740, 2700, 1)",10740,2700,1,28903978,94022,0.0032423615421753225,20.000276565551758,1361.161376953125,114.10594177246094,45.91838073730469,106.21347045898438,39.59372329711914,56.09782791137695,198.1647491455078,262.2554016113281
train,post_split:interpolate_nan_per_channel,"(10740, 2700, 1)",10740,2700,1,28998000,0,0.0,20.000276565551758,1361.161376953125,113.95352935791016,45.9606819152832,106.088134765625,39.07106018066406,55.80256271362305,198.04466247558594,262.1187438964844
train,scale,"(10740, 2700, 1)",10740,2700,1,28998000,0,0.0,-3.755216121673584,24.51247215270996,0.14934784173965454,0.857769787311554,0.0,-1.2237030267715454,-0.919880747795105,1.7256404161453247,2.9464120864868164
val,load,"(32125, 2700, 1)",32125,2700,1,86713260,24240,0.00027946389969736276,0.0,2139.12744140625,109.1604232788086,48.073646545410156,102.51411437988281,7.2955193519592285,45.46041488647461,195.0511932373047,258.9647521972656
val,split,"(6423, 2700, 1)",6423,2700,1,17340510,1590,9.168439808327712e-05,0.0,1147.4140625,109.16220092773438,47.99899673461914,102.51248168945312,8.45185661315918,45.484806060791016,194.93861389160156,258.8305358886719
val,post_split:snr_threshold_nan,"(6423, 2700, 1)",6423,2700,1,17048501,293599,0.016929841253366086,20.000001907348633,1147.4140625,110.9116439819336,46.485084533691406,103.36457824707031,32.163108825683594,50.74684143066406,195.58245849609375,259.5265197753906
val,post_split:drop_nan_timesteps,"(3430, 2700, 1)",3430,2700,1,9231016,29984,0.0032376633192959725,20.001087188720703,1147.4140625,114.29882049560547,46.09248733520508,106.38380432128906,39.40026092529297,56.00017547607422,198.55059814453125,262.96282958984375
val,post_split:interpolate_nan_per_channel,"(3430, 2700, 1)",3430,2700,1,9261000,0,0.0,20.001087188720703,1147.4140625,114.15444946289062,46.122737884521484,106.26902770996094,38.97992706298828,55.70573806762695,198.42381286621094,262.8085021972656
val,scale,"(3430, 2700, 1)",3430,2700,1,9261000,0,0.0,-3.4793920516967773,16.726573944091797,0.1537778079509735,0.8593039512634277,0.0031875723507255316,-1.2136433124542236,-0.9176651835441589,1.7352455854415894,2.9557693004608154
test,load,"(32125, 2700, 1)",32125,2700,1,86713260,24240,0.00027946389969736276,0.0,2139.12744140625,109.1604232788086,48.073646545410156,102.51411437988281,7.2955193519592285,45.46041488647461,195.0511932373047,258.9647521972656
test,split,"(6428, 2700, 1)",6428,2700,1,17341012,14588,0.0008405356196270944,0.0,2139.12744140625,109.77873229980469,47.93689727783203,102.98994445800781,11.048641204833984,46.6086540222168,195.60548400878906,259.52093505859375
test,post_split:fill_nan,"(6428, 2700, 1)",6428,2700,1,17355600,0,0.0,0.0,2139.12744140625,109.68643951416016,48.02224349975586,102.94778442382812,9.452726364135742,46.309471130371094,195.57406616210938,259.4870300292969
test,scale,"(6428, 2700, 1)",6428,2700,1,17355600,0,0.0,-5.599475860595703,23.217815399169922,0.03207689896225929,0.9379791617393494,-0.07494598627090454,-2.46105694770813,-1.1429942846298218,1.6543551683425903,2.8645811080932617
