epoch,train_loss,learning_rate,val_loss,train_eval_loss
1,0.7392976892755386,9.997557473810373e-05,0.9758419513702392,0.9812369346618652
2,0.5780058566560137,9.990232305719946e-05,0.4429994503657023,0.44394083860072686
3,0.3356185254264385,9.978031724785248e-05,0.20466394523779552,0.2042039918138626
4,0.19807541053345862,9.960967771506668e-05,0.1093096246321996,0.1092760518510291
5,0.1302419923087384,9.939057285945934e-05,0.06196833997964859,0.06219107435738787
6,0.09207796352974912,9.912321891107012e-05,0.03815355425079663,0.03846407927414204
7,0.07083773486157681,9.880787971596802e-05,0.027954987560709316,0.028238686118671235
8,0.05965432841727074,9.844486647586726e-05,0.0237779438495636,0.023830631549688095
9,0.05312377650369989,9.80345374410087e-05,0.02153425378104051,0.021454567089676857
10,0.048454854241076935,9.757729755661012e-05,0.020276246964931487,0.020089314774946965
11,0.044887051224074465,9.707359806323419e-05,0.019267510250210763,0.0189605056843225
12,0.04197601775856728,9.652393605146847e-05,0.018363735203941665,0.017872903912149844
13,0.03945707434669454,9.592885397135708e-05,0.017601832064489523,0.017072307401673592
14,0.0372606799640554,9.5288939097068e-05,0.016851422066489857,0.01619677552755209
15,0.035155925899744034,9.460482294732424e-05,0.016198751827081043,0.015492222628536377
16,0.033431632483893255,9.387718066217127e-05,0.015526791165272395,0.014767782663569805
17,0.0316537654304758,9.310673033669524e-05,0.01486074347048998,0.014062459164477408
18,0.030198189291231175,9.229423231234978e-05,0.014405547951658567,0.013523627349987943
19,0.0288644874904384,9.144048842659084e-05,0.013850577672322591,0.012914200590804536
20,0.027586561132301676,9.054634122155993e-05,0.01328847867747148,0.012355164228443136
21,0.026273776123181304,8.961267311259669e-05,0.01258123324563106,0.011612161280626946
22,0.024928798780162284,8.864040551740159e-05,0.011886134122808775,0.011013437290378708
23,0.02374839719305647,8.763049794670778e-05,0.010993902881940206,0.010161947637320833
24,0.022474153997733236,8.65839470573599e-05,0.010545447406669458,0.009776736153884137
25,0.021160028121889905,8.550178566873413e-05,0.01120491959154606,0.010491798294985548
26,0.0201168686072243,8.438508174347012e-05,0.00995648962755998,0.00923567547641219
27,0.018963303139552155,8.32349373335208e-05,0.011568881757557391,0.010896837378435947
28,0.01810605249347839,8.205248749256017e-05,0.014164483360946178,0.013490701728361719
29,0.017319713659743045,8.083889915582238e-05,0.010620127618312835,0.009913082234561443
30,0.01645195813096584,7.959536998847746e-05,0.012489870749413967,0.011706322649533444
31,0.015629172681811007,7.83231272036805e-05,0.011809828815360864,0.011070988358969384
32,0.01494878336311655,7.702342635146036e-05,0.011434863445659478,0.010642147325771921
33,0.014308217001405167,7.56975500796434e-05,0.010788463801145554,0.010075002809629795
34,0.013698535594851412,7.434680686803493e-05,0.011592059768736363,0.010835867276058552
35,0.013125363994944603,7.297252973710759e-05,0.011841602499286334,0.011112948225692231
36,0.012531135191625737,7.157607493247112e-05,0.010423692874610424,0.009642280459879561
37,0.012080352198570333,7.015882058642166e-05,0.009841153429200252,0.009073890904162793
38,0.011598508151129205,6.87221653578916e-05,0.009039291615287463,0.008313702617553955
39,0.011153216176527612,6.726752705214197e-05,0.009979783309002717,0.009190954168901798
40,0.010765065359783934,6.579634122155994e-05,0.00891736497481664,0.008186431849335736
41,0.010350879836589732,6.431005974894189e-05,0.008986673845599095,0.008303201757371426
42,0.01003913236583801,6.281014941466034e-05,0.010362772736698389,0.009639190212684744
43,0.009706226831420939,6.12980904491289e-05,0.009187377182145913,0.008437500444260683
44,0.00932635545255022,5.977537507199341e-05,0.00805080042531093,0.007390220540555868
45,0.009068310419295697,5.8243506019491463e-05,0.00835873264198502,0.007709308933625196
46,0.008764368055903532,5.67039950614331e-05,0.009226537185410659,0.008576826915699751
47,0.008504397017841643,5.515836150926649e-05,0.008151328998307387,0.0074437989734430264
48,0.008254835461365415,5.3608130716701046e-05,0.0077013696854313215,0.007040357593684755
49,0.00801129417216524,5.205483257436738e-05,0.00801225829248627,0.007393471292279502
50,0.007790084829197285,5.050000000000003e-05,0.00847585815936327,0.007793516614177125
51,0.0075656557158428304,4.894516742563268e-05,0.007897049964716038,0.007250549885979358
52,0.007332726500611356,4.739186928329902e-05,0.007788598816841841,0.007162452556509921
53,0.007209517537279332,4.584163849073357e-05,0.009034766070544719,0.00838751678771161
54,0.00701210756805983,4.429600493856697e-05,0.006714404591669639,0.006086489473013801
55,0.00681302033642188,4.275649398050859e-05,0.007027955663700899,0.006374632573111895
56,0.0065586865939041405,4.122462492800665e-05,0.007160038438936075,0.006537704530390019
57,0.006535214144102437,3.9701909550871175e-05,0.007213123515248299,0.006609757321866903
58,0.00639333278733365,3.81898505853397e-05,0.006749853584915399,0.006137587139977419
59,0.006228099161006035,3.668994025105817e-05,0.006790791917592287,0.0061769950738612646
60,0.006104039840717265,3.520365877844013e-05,0.006785399621973435,0.006159845690064608
61,0.00598704826800113,3.373247294785809e-05,0.006438710323224465,0.0058216096417225425
62,0.005876899577994296,3.227783464210847e-05,0.006390880917509397,0.005786424512638056
63,0.005747416393553957,3.0841179413578366e-05,0.006520445272326469,0.005900387553141472
64,0.005701246175994264,2.9423925067528915e-05,0.006078868483503659,0.005454094198710741
65,0.005539804667313682,2.8027470262892447e-05,0.006254998501390219,0.0056770028784237005
66,0.0054614222212199205,2.6653193131965096e-05,0.006094079247365395,0.005502947616054022
67,0.005349774181129451,2.530244992035663e-05,0.006460381858050823,0.0058768094873967325
68,0.005300156871213558,2.3976573648539666e-05,0.006244912277907133,0.005695415304062214
69,0.005213444418412574,2.2676872796319543e-05,0.005926640890538693,0.005355669661088192
70,0.00512678659659751,2.1404630011522596e-05,0.005575610573093096,0.004990592400761361
71,0.005063177235028211,2.016110084417767e-05,0.0057423679778973264,0.005153223148923605
72,0.0049935142172777905,1.894751250743987e-05,0.00556321373830239,0.005008863532876081
73,0.004913787129632336,1.776506266647925e-05,0.005923109315335751,0.0053223855793476105
74,0.004868076549486277,1.661491825652992e-05,0.006021946202963591,0.005452882746194905
75,0.0048107756995298765,1.549821433126591e-05,0.005463788378983736,0.004892346033073486
76,0.004758950194066509,1.4416052942640147e-05,0.005617284743736187,0.005050383012821066
77,0.004724970008147524,1.3369502053292257e-05,0.005794140168776115,0.005214104379348932
78,0.004682231268429375,1.2359594482598444e-05,0.0058166760330398875,0.005243414101448465
79,0.004629210881056621,1.1387326887403332e-05,0.005702031683176756,0.005136515638057856
80,0.004601610061573855,1.0453658778440112e-05,0.005509499770899613,0.0049535893498265995
81,0.00455027786479827,9.5595115734092e-06,0.0055006573597590125,0.004912394792475599
82,0.00452169334079991,8.70576768765027e-06,0.0057147915785511335,0.005151256017307652
83,0.004502417985349894,7.893269663304789e-06,0.005471644209076961,0.004906681405895568
84,0.004461016392018249,7.1228193378287565e-06,0.00536990932499369,0.004794354847771056
85,0.004428858011762829,6.395177052675798e-06,0.0051728816702961925,0.00460221922579915
86,0.004418568091189607,5.711060902932045e-06,0.0055984101258218285,0.005041010588645301
87,0.00438624661554523,5.071146028642947e-06,0.005394657142460346,0.004844257459440764
88,0.004385697313564572,4.476063948531561e-06,0.005449246366818746,0.0048942078757000735
89,0.004355419689710153,3.926401936765843e-06,0.005333233717828989,0.004780530850303934
90,0.004337475184311575,3.4227024433899027e-06,0.005439964216202497,0.004873241446515981
91,0.004303388961372857,2.9654625589913256e-06,0.005259215459227562,0.004704954667373541
92,0.004286351029146859,2.5551335241327686e-06,0.005145935496936242,0.0045857359655201435
93,0.0042821322022838166,2.1921202840320086e-06,0.005262362863868475,0.004711183897675352
94,0.004263018911823313,1.8767810889299092e-06,0.005225741925338904,0.004684475884634129
95,0.0042663736843523824,1.6094271405406865e-06,0.005369819266100724,0.004807599820196629
96,0.004254768141842586,1.3903222849333511e-06,0.005254933796823025,0.004701747004180513
97,0.004215638381131786,1.2196827521475405e-06,0.005222272841880719,0.004665118780858973
98,0.0042541079183525225,1.097676942800558e-06,0.00531112439930439,0.004752274632374657
99,0.00422508165517703,1.0244252618962857e-06,0.00531724834193786,0.004770229025644825
100,0.004230420461836013,1e-06,0.0052187023063500725,0.004666580313301467
